entity_id	country	script	name_original	name_for_faiss	name_for_bm25
S2-906753214	India	Devanagari	फर्स्ट फूड प्राइवेट लिमिटेड	फर्स्ट फूड प्राइवेट लिमिटेड	pharsta phuda praiveta limiteda
S2-214924024	India	Devanagari	बेस्ट फाइनेंस टेक्नोलॉजीज प्राइवेट लिमिटेड	बेस्ट फाइनेंस टेक्नोलॉजीज प्राइवेट लिमिटेड	besta phainemsa teknoloajija praiveta limiteda
S2-166376419	India	Devanagari	राम मार्केटिंग प्राइवेट लिमिटेड	राम मार्केटिंग प्राइवेट लिमिटेड	rama marketimga praiveta limiteda
S2-884398242	India	Gujarati	નોર્થ એક્સપોર્ટ્સ પ્રાઇવેટ લિમિટેડ	નોર્થ એક્સપોર્ટ્સ પ્રાઇવેટ લિમિટેડ	northa eksaportsa praiveta limiteda
S2-735885703	India	Devanagari	जैन वेंचर्स प्राइवेट लिमिटेड	जैन वेंचर्स प्राइवेट लिमिटेड	jaina vemcharsa praiveta limiteda
S2-923049280	India	Gujarati	પ્રાઇમ બાલાજી ટ્રેડિંગ પ્રા. લિ.	પ્રાઇમ બાલાજી ટ્રેડિંગ પ્રા. લિ.	praima balaji tredimga pra. li.
S2-191007167	India	Devanagari	मां इंफ्रा प्राइवेट लिमिटेड	मां इंफ्रा प्राइवेट लिमिटेड	mam imphra praiveta limiteda
S2-639257739	India	Devanagari	आदित्य प्रॉपर्टीज एलएलपी	आदित्य प्रॉपर्टीज एलएलपी	aditya proapartija elaelapi
S2-389587679	India	Devanagari	गुरु फाइनेंस प्राइवेट लिमिटेड	गुरु फाइनेंस प्राइवेट लिमिटेड	guru phainemsa praiveta limiteda
S2-348280942	India	Gujarati	શક્તિ અર્બન પ્રોડક્ટ્સ પ્રાઇવેટ લિમિટેડ	શક્તિ અર્બન પ્રોડક્ટ્સ પ્રાઇવેટ લિમિટેડ	shakti arbana prodaktsa praiveta limiteda
S2-615967906	India	Devanagari	सन कंस्ट्रक्शंस प्राइवेट लिमिटेड	सन कंस्ट्रक्शंस प्राइवेट लिमिटेड	sana kamstrakshamsa praiveta limiteda
S2-669353485	India	Devanagari	लक्ष्मी डेवलपर्स प्राइवेट लिमिटेड	लक्ष्मी डेवलपर्स प्राइवेट लिमिटेड	laxmi devalaparsa praiveta limiteda
S2-822977276	India	Gujarati	ઓલ ઓલ હોસ્પિટાલિટી પ્રાઇવેટ લિમિટેડ	ઓલ હોસ્પિટાલિટી પ્રાઇવેટ લિમિટેડ	ola hospitaliti praiveta limiteda
S2-566688803	India	Devanagari	रियल मॉडर्न फूड लिमिटेड	रियल मॉडर्न फूड लिमिटेड	riyala moadarna phuda limiteda
S2-879667609	India	Tamil	குளோபல் பிசினஸ் பிரைவேட் லிமிடெட்	குளோபல் பிசினஸ் பிரைவேட் லிமிடெட்	ghulobhal bhijhinas bhiraivedh limidhedh
S2-920169761	India	Devanagari	परफेक्ट कंस्ट्रक्शंस प्राइवेट लिमिटेड	परफेक्ट कंस्ट्रक्शंस प्राइवेट लिमिटेड	paraphekta kamstrakshamsa praiveta limiteda
S2-960876413	India	Bengali	গোল্ড প্রডিউসার স্টোর্স লিমিটেড	গোল্ড প্রডিউসার স্টোর্স লিমিটেড	golda pradiusara storsa limiteda
S2-543930400	India	Kannada	ಆಲ್ ಟೆಕ್	ಆಲ್ ಟೆಕ್	al tek
S2-255193301	India	Kannada	ಅರಿಹಂತ್ ಕ್ರಿಯೇಟಿವ್ ಟೆಕ್ನಾಲಜಿ ಎಲೆಕ್ಟ್ರಾನಿಕ್ಸ್ ಪ್ರೈವೇಟ್ ಲಿಮಿಟೆಡ್	ಅರಿಹಂತ್ ಕ್ರಿಯೇಟಿವ್ ಟೆಕ್ನಾಲಜಿ ಎಲೆಕ್ಟ್ರಾನಿಕ್ಸ್ ಪ್ರೈವೇಟ್ ಲಿಮಿಟೆಡ್	arihamt kriyetiv teknalaji elektraniks praivet limited
S2-938256871	India	Bengali	ডায়নামিক ইন্ডাস্ট্রিজ প্রাইভেট লিমিটেড	ডায়নামিক ইন্ডাস্ট্রিজ প্রাইভেট লিমিটেড	dayanamika indastrija praibheta limiteda
S2-631299191	India	Devanagari	ग्लोबल इन्वेस्टमेंट प्रा. लि.	ग्लोबल इन्वेस्टमेंट प्रा. लि.	globala investamemta pra. li.
S2-322802571	India	Devanagari	होटल वेंचर्स लिमिटेड	होटल वेंचर्स लिमिटेड	hotala vemcharsa limiteda
S2-688907717	India	Kannada	ಮಾಡರ್ನ್ ಕನ್ಸಲ್ಟೆಂಟ್ಸ್ ಪ್ರೈವೇಟ್ ಲಿಮಿಟೆಡ್	ಮಾಡರ್ನ್ ಕನ್ಸಲ್ಟೆಂಟ್ಸ್ ಪ್ರೈವೇಟ್ ಲಿಮಿಟೆಡ್	madarn kansaltemts praivet limited
S2-707472784	India	Devanagari	एपेक्स फाइनेंस एलएलपी	एपेक्स फाइनेंस एलएलपी	epeksa phainemsa elaelapi
S2-64510343	India	Devanagari	अल्फा अल टेक्नोलॉजीज प्राइवेट लिमिटेड	अल्फा अल टेक्नोलॉजीज प्राइवेट लिमिटेड	alpha ala teknoloajija praiveta limiteda
